<?xml version="1.0" encoding="utf-8"?>
<rss version="2.0" xmlns:sparkle="http://www.andymatuschak.org/xml-namespaces/sparkle" xmlns:dc="http://purl.org/dc/elements/1.1/">
  <channel>
    <title>Maccy</title>
    <link>https://raw.githubusercontent.com/p0deje/Maccy/master/appcast.xml</link>
    <description>Most recent changes with links to updates.</description>
    <language>en</language>
    <item>
      <title>0.22.0</title>
      <description>
        <![CDATA[
          <ul>
            <li>Added Croatian translation</li>
            <li>Added Italian translation</li>
            <li>Fixed issue when pasting to Word.app would result in a different item paste</li>
          </ul>
        ]]>
      </description>
      <pubDate>2021-10-16</pubDate>
      <releaseNotesLink>https://github.com/p0deje/Maccy/releases/tag/0.22.0</releaseNotesLink>
      <sparkle:minimumSystemVersion>10.14</sparkle:minimumSystemVersion>
      <enclosure
        url="https://github.com/p0deje/Maccy/releases/download/0.22.0/Maccy.app.zip"
        sparkle:version="9"
        sparkle:shortVersionString="0.22.0"
        length="0"
        type="application/octet-stream"
      />
    </item>
  </channel>
</rss>
